feature,gain
LSTAT,29.005146
RM,17.261166
CRIM,13.807108
NOX,11.548048
PTRATIO,7.187749
DIS,6.503858
B,6.2637367
AGE,3.6745381
TAX,3.060089
INDUS,1.1510404
RAD,0.38368016
CHAS,0.15384616
ZN,0.0
